{
  "__type__": "cc.SpriteFrame",
  "content": {
    "name": "enemy1-down4",
    "atlas": "",
    "rect": {
      "x": 1,
      "y": 0,
      "width": 68,
      "height": 88
    },
    "offset": {
      "x": -1.5,
      "y": 0
    },
    "originalSize": {
      "width": 73,
      "height": 88
    },
    "rotated": false,
    "capInsets": [
      0,
      0,
      0,
      0
    ],
    "vertices": {
      "rawPosition": [
        -34,
        -44,
        0,
        34,
        -44,
        0,
        -34,
        44,
        0,
        34,
        44,
        0
      ],
      "indexes": [
        0,
        1,
        2,
        2,
        1,
        3
      ],
      "uv": [
        1,
        88,
        69,
        88,
        1,
        0,
        69,
        0
      ],
      "nuv": [
        0.0136986301369863,
        0,
        0.9452054794520548,
        0,
        0.0136986301369863,
        1,
        0.9452054794520548,
        1
      ],
      "minPos": {
        "x": -34,
        "y": -44,
        "z": 0
      },
      "maxPos": {
        "x": 34,
        "y": 44,
        "z": 0
      }
    },
    "texture": "56b7de66-365a-45b4-ad64-d812f7dbb0eb@6c48a",
    "packable": true,
    "pixelsToUnit": 100,
    "pivot": {
      "x": 0.5,
      "y": 0.5
    },
    "meshType": 0
  }
}