{
  "__type__": "cc.SpriteFrame",
  "content": {
    "name": "loading-1",
    "atlas": "",
    "rect": {
      "x": 6,
      "y": 2,
      "width": 47,
      "height": 36
    },
    "offset": {
      "x": 2,
      "y": 0
    },
    "originalSize": {
      "width": 55,
      "height": 40
    },
    "rotated": false,
    "capInsets": [
      0,
      0,
      0,
      0
    ],
    "vertices": {
      "rawPosition": [
        -23.5,
        -18,
        0,
        23.5,
        -18,
        0,
        -23.5,
        18,
        0,
        23.5,
        18,
        0
      ],
      "indexes": [
        0,
        1,
        2,
        2,
        1,
        3
      ],
      "uv": [
        6,
        38,
        53,
        38,
        6,
        2,
        53,
        2
      ],
      "nuv": [
        0.10909090909090909,
        0.05,
        0.9636363636363636,
        0.05,
        0.10909090909090909,
        0.95,
        0.9636363636363636,
        0.95
      ],
      "minPos": {
        "x": -23.5,
        "y": -18,
        "z": 0
      },
      "maxPos": {
        "x": 23.5,
        "y": 18,
        "z": 0
      }
    },
    "texture": "d0fccadb-20bd-4472-b1b6-feb5c671d576@6c48a",
    "packable": true,
    "pixelsToUnit": 100,
    "pivot": {
      "x": 0.5,
      "y": 0.5
    },
    "meshType": 0
  }
}