{
  "__type__": "cc.SpriteFrame",
  "content": {
    "name": "enemy2-hit",
    "atlas": "",
    "rect": {
      "x": 0,
      "y": 9,
      "width": 169,
      "height": 253
    },
    "offset": {
      "x": -0.5,
      "y": -4.5
    },
    "originalSize": {
      "width": 170,
      "height": 262
    },
    "rotated": false,
    "capInsets": [
      0,
      0,
      0,
      0
    ],
    "vertices": {
      "rawPosition": [
        -84.5,
        -126.5,
        0,
        84.5,
        -126.5,
        0,
        -84.5,
        126.5,
        0,
        84.5,
        126.5,
        0
      ],
      "indexes": [
        0,
        1,
        2,
        2,
        1,
        3
      ],
      "uv": [
        0,
        253,
        169,
        253,
        0,
        0,
        169,
        0
      ],
      "nuv": [
        0,
        0,
        0.9941176470588236,
        0,
        0,
        0.9656488549618321,
        0.9941176470588236,
        0.9656488549618321
      ],
      "minPos": {
        "x": -84.5,
        "y": -126.5,
        "z": 0
      },
      "maxPos": {
        "x": 84.5,
        "y": 126.5,
        "z": 0
      }
    },
    "texture": "018c7f72-150f-41a4-a2d5-ac16bdbd6837@6c48a",
    "packable": true,
    "pixelsToUnit": 100,
    "pivot": {
      "x": 0.5,
      "y": 0.5
    },
    "meshType": 0
  }
}