{
  "__type__": "cc.SpriteFrame",
  "content": {
    "name": "enemy0-down4",
    "atlas": "",
    "rect": {
      "x": 3,
      "y": 5,
      "width": 49,
      "height": 42
    },
    "offset": {
      "x": 1,
      "y": -2.5
    },
    "originalSize": {
      "width": 53,
      "height": 47
    },
    "rotated": false,
    "capInsets": [
      0,
      0,
      0,
      0
    ],
    "vertices": {
      "rawPosition": [
        -24.5,
        -21,
        0,
        24.5,
        -21,
        0,
        -24.5,
        21,
        0,
        24.5,
        21,
        0
      ],
      "indexes": [
        0,
        1,
        2,
        2,
        1,
        3
      ],
      "uv": [
        3,
        42,
        52,
        42,
        3,
        0,
        52,
        0
      ],
      "nuv": [
        0.05660377358490566,
        0,
        0.9811320754716981,
        0,
        0.05660377358490566,
        0.8936170212765957,
        0.9811320754716981,
        0.8936170212765957
      ],
      "minPos": {
        "x": -24.5,
        "y": -21,
        "z": 0
      },
      "maxPos": {
        "x": 24.5,
        "y": 21,
        "z": 0
      }
    },
    "texture": "96bafc12-c728-4f8f-b608-7a4cf686aaf3@6c48a",
    "packable": true,
    "pixelsToUnit": 100,
    "pivot": {
      "x": 0.5,
      "y": 0.5
    },
    "meshType": 0
  }
}