{
  "__type__": "cc.SpriteFrame",
  "content": {
    "name": "hero-2",
    "atlas": "",
    "rect": {
      "x": 1,
      "y": 3,
      "width": 99,
      "height": 123
    },
    "offset": {
      "x": 0.5,
      "y": 0
    },
    "originalSize": {
      "width": 100,
      "height": 129
    },
    "rotated": false,
    "capInsets": [
      0,
      0,
      0,
      0
    ],
    "vertices": {
      "rawPosition": [
        -49.5,
        -61.5,
        0,
        49.5,
        -61.5,
        0,
        -49.5,
        61.5,
        0,
        49.5,
        61.5,
        0
      ],
      "indexes": [
        0,
        1,
        2,
        2,
        1,
        3
      ],
      "uv": [
        1,
        126,
        100,
        126,
        1,
        3,
        100,
        3
      ],
      "nuv": [
        0.01,
        0.023255813953488372,
        1,
        0.023255813953488372,
        0.01,
        0.9767441860465116,
        1,
        0.9767441860465116
      ],
      "minPos": {
        "x": -49.5,
        "y": -61.5,
        "z": 0
      },
      "maxPos": {
        "x": 49.5,
        "y": 61.5,
        "z": 0
      }
    },
    "texture": "cde99a96-e9af-4d2f-85c4-9b08c70541a8@6c48a",
    "packable": true,
    "pixelsToUnit": 100,
    "pivot": {
      "x": 0.5,
      "y": 0.5
    },
    "meshType": 0
  }
}