{
  "__type__": "cc.SpriteFrame",
  "content": {
    "name": "enemy0",
    "atlas": "",
    "rect": {
      "x": 0,
      "y": 3,
      "width": 50,
      "height": 43
    },
    "offset": {
      "x": -1.5,
      "y": -1.5
    },
    "originalSize": {
      "width": 53,
      "height": 46
    },
    "rotated": false,
    "capInsets": [
      0,
      0,
      0,
      0
    ],
    "vertices": {
      "rawPosition": [
        -25,
        -21.5,
        0,
        25,
        -21.5,
        0,
        -25,
        21.5,
        0,
        25,
        21.5,
        0
      ],
      "indexes": [
        0,
        1,
        2,
        2,
        1,
        3
      ],
      "uv": [
        0,
        43,
        50,
        43,
        0,
        0,
        50,
        0
      ],
      "nuv": [
        0,
        0,
        0.9433962264150944,
        0,
        0,
        0.9347826086956522,
        0.9433962264150944,
        0.9347826086956522
      ],
      "minPos": {
        "x": -25,
        "y": -21.5,
        "z": 0
      },
      "maxPos": {
        "x": 25,
        "y": 21.5,
        "z": 0
      }
    },
    "texture": "c937bdee-e3ed-43cc-aeaf-c87903fb3fd4@6c48a",
    "packable": true,
    "pixelsToUnit": 100,
    "pivot": {
      "x": 0.5,
      "y": 0.5
    },
    "meshType": 0
  }
}