{
  "__type__": "cc.SpriteFrame",
  "content": {
    "name": "shoot_background",
    "atlas": "",
    "rect": {
      "x": 2,
      "y": 2,
      "width": 485,
      "height": 2039
    },
    "offset": {
      "x": -11.5,
      "y": 2.5
    },
    "originalSize": {
      "width": 512,
      "height": 2048
    },
    "rotated": false,
    "capInsets": [
      0,
      0,
      0,
      0
    ],
    "vertices": {
      "rawPosition": [
        -242.5,
        -1019.5,
        0,
        242.5,
        -1019.5,
        0,
        -242.5,
        1019.5,
        0,
        242.5,
        1019.5,
        0
      ],
      "indexes": [
        0,
        1,
        2,
        2,
        1,
        3
      ],
      "uv": [
        2,
        2046,
        487,
        2046,
        2,
        7,
        487,
        7
      ],
      "nuv": [
        0.00390625,
        0.00341796875,
        0.951171875,
        0.00341796875,
        0.00390625,
        0.9990234375,
        0.951171875,
        0.9990234375
      ],
      "minPos": {
        "x": -242.5,
        "y": -1019.5,
        "z": 0
      },
      "maxPos": {
        "x": 242.5,
        "y": 1019.5,
        "z": 0
      }
    },
    "texture": "43a236a7-ea60-4c98-9a4b-510917e35522@6c48a",
    "packable": true,
    "pixelsToUnit": 100,
    "pivot": {
      "x": 0.5,
      "y": 0.5
    },
    "meshType": 0
  }
}