{
  "__type__": "cc.SpriteFrame",
  "content": {
    "name": "enemy2-hit2",
    "atlas": "",
    "rect": {
      "x": 0,
      "y": 12,
      "width": 168,
      "height": 250
    },
    "offset": {
      "x": -1,
      "y": -6
    },
    "originalSize": {
      "width": 170,
      "height": 262
    },
    "rotated": false,
    "capInsets": [
      0,
      0,
      0,
      0
    ],
    "vertices": {
      "rawPosition": [
        -84,
        -125,
        0,
        84,
        -125,
        0,
        -84,
        125,
        0,
        84,
        125,
        0
      ],
      "indexes": [
        0,
        1,
        2,
        2,
        1,
        3
      ],
      "uv": [
        0,
        250,
        168,
        250,
        0,
        0,
        168,
        0
      ],
      "nuv": [
        0,
        0,
        0.9882352941176471,
        0,
        0,
        0.9541984732824428,
        0.9882352941176471,
        0.9541984732824428
      ],
      "minPos": {
        "x": -84,
        "y": -125,
        "z": 0
      },
      "maxPos": {
        "x": 84,
        "y": 125,
        "z": 0
      }
    },
    "texture": "6490d4ae-8ac1-4ae9-b330-0f56acd410ee@6c48a",
    "packable": true,
    "pixelsToUnit": 100,
    "pivot": {
      "x": 0.5,
      "y": 0.5
    },
    "meshType": 0
  }
}