{
  "__type__": "cc.SpriteFrame",
  "content": {
    "name": "pause-pressed",
    "atlas": "",
    "rect": {
      "x": 2,
      "y": 2,
      "width": 42,
      "height": 45
    },
    "offset": {
      "x": 0.5,
      "y": -1
    },
    "originalSize": {
      "width": 45,
      "height": 47
    },
    "rotated": false,
    "capInsets": [
      0,
      0,
      0,
      0
    ],
    "vertices": {
      "rawPosition": [
        -21,
        -22.5,
        0,
        21,
        -22.5,
        0,
        -21,
        22.5,
        0,
        21,
        22.5,
        0
      ],
      "indexes": [
        0,
        1,
        2,
        2,
        1,
        3
      ],
      "uv": [
        2,
        45,
        44,
        45,
        2,
        0,
        44,
        0
      ],
      "nuv": [
        0.044444444444444446,
        0,
        0.9777777777777777,
        0,
        0.044444444444444446,
        0.9574468085106383,
        0.9777777777777777,
        0.9574468085106383
      ],
      "minPos": {
        "x": -21,
        "y": -22.5,
        "z": 0
      },
      "maxPos": {
        "x": 21,
        "y": 22.5,
        "z": 0
      }
    },
    "texture": "b0a2903a-7637-480a-899b-14c7b27633aa@6c48a",
    "packable": true,
    "pixelsToUnit": 100,
    "pivot": {
      "x": 0.5,
      "y": 0.5
    },
    "meshType": 0
  }
}