{
  "__type__": "cc.SpriteFrame",
  "content": {
    "name": "pause-normal",
    "atlas": "",
    "rect": {
      "x": 2,
      "y": 3,
      "width": 42,
      "height": 44
    },
    "offset": {
      "x": 0.5,
      "y": -1.5
    },
    "originalSize": {
      "width": 45,
      "height": 47
    },
    "rotated": false,
    "capInsets": [
      0,
      0,
      0,
      0
    ],
    "vertices": {
      "rawPosition": [
        -21,
        -22,
        0,
        21,
        -22,
        0,
        -21,
        22,
        0,
        21,
        22,
        0
      ],
      "indexes": [
        0,
        1,
        2,
        2,
        1,
        3
      ],
      "uv": [
        2,
        44,
        44,
        44,
        2,
        0,
        44,
        0
      ],
      "nuv": [
        0.044444444444444446,
        0,
        0.9777777777777777,
        0,
        0.044444444444444446,
        0.9361702127659575,
        0.9777777777777777,
        0.9361702127659575
      ],
      "minPos": {
        "x": -21,
        "y": -22,
        "z": 0
      },
      "maxPos": {
        "x": 21,
        "y": 22,
        "z": 0
      }
    },
    "texture": "d25bdf4d-ee84-431e-bdcf-f8998c621263@6c48a",
    "packable": true,
    "pixelsToUnit": 100,
    "pivot": {
      "x": 0.5,
      "y": 0.5
    },
    "meshType": 0
  }
}