{
  "__type__": "cc.SpriteFrame",
  "content": {
    "name": "loading-2",
    "atlas": "",
    "rect": {
      "x": 5,
      "y": 2,
      "width": 108,
      "height": 37
    },
    "offset": {
      "x": 0.5,
      "y": -0.5
    },
    "originalSize": {
      "width": 117,
      "height": 40
    },
    "rotated": false,
    "capInsets": [
      0,
      0,
      0,
      0
    ],
    "vertices": {
      "rawPosition": [
        -54,
        -18.5,
        0,
        54,
        -18.5,
        0,
        -54,
        18.5,
        0,
        54,
        18.5,
        0
      ],
      "indexes": [
        0,
        1,
        2,
        2,
        1,
        3
      ],
      "uv": [
        5,
        38,
        113,
        38,
        5,
        1,
        113,
        1
      ],
      "nuv": [
        0.042735042735042736,
        0.025,
        0.9658119658119658,
        0.025,
        0.042735042735042736,
        0.95,
        0.9658119658119658,
        0.95
      ],
      "minPos": {
        "x": -54,
        "y": -18.5,
        "z": 0
      },
      "maxPos": {
        "x": 54,
        "y": 18.5,
        "z": 0
      }
    },
    "texture": "f2216b3b-eee9-406e-9063-bf4d61b21e8f@6c48a",
    "packable": true,
    "pixelsToUnit": 100,
    "pivot": {
      "x": 0.5,
      "y": 0.5
    },
    "meshType": 0
  }
}