{
  "__type__": "cc.SpriteFrame",
  "content": {
    "name": "enemy1",
    "atlas": "",
    "rect": {
      "x": 2,
      "y": 0,
      "width": 70,
      "height": 97
    },
    "offset": {
      "x": 0.5,
      "y": 0
    },
    "originalSize": {
      "width": 73,
      "height": 97
    },
    "rotated": false,
    "capInsets": [
      0,
      0,
      0,
      0
    ],
    "vertices": {
      "rawPosition": [
        -35,
        -48.5,
        0,
        35,
        -48.5,
        0,
        -35,
        48.5,
        0,
        35,
        48.5,
        0
      ],
      "indexes": [
        0,
        1,
        2,
        2,
        1,
        3
      ],
      "uv": [
        2,
        97,
        72,
        97,
        2,
        0,
        72,
        0
      ],
      "nuv": [
        0.0273972602739726,
        0,
        0.9863013698630136,
        0,
        0.0273972602739726,
        1,
        0.9863013698630136,
        1
      ],
      "minPos": {
        "x": -35,
        "y": -48.5,
        "z": 0
      },
      "maxPos": {
        "x": 35,
        "y": 48.5,
        "z": 0
      }
    },
    "texture": "f2981471-047e-4788-abde-00ff0133a10c@6c48a",
    "packable": true,
    "pixelsToUnit": 100,
    "pivot": {
      "x": 0.5,
      "y": 0.5
    },
    "meshType": 0
  }
}