{
  "__type__": "cc.SpriteFrame",
  "content": {
    "name": "enemy1-down1",
    "atlas": "",
    "rect": {
      "x": 2,
      "y": 0,
      "width": 69,
      "height": 96
    },
    "offset": {
      "x": 0,
      "y": 0.5
    },
    "originalSize": {
      "width": 73,
      "height": 97
    },
    "rotated": false,
    "capInsets": [
      0,
      0,
      0,
      0
    ],
    "vertices": {
      "rawPosition": [
        -34.5,
        -48,
        0,
        34.5,
        -48,
        0,
        -34.5,
        48,
        0,
        34.5,
        48,
        0
      ],
      "indexes": [
        0,
        1,
        2,
        2,
        1,
        3
      ],
      "uv": [
        2,
        97,
        71,
        97,
        2,
        1,
        71,
        1
      ],
      "nuv": [
        0.0273972602739726,
        0.010309278350515464,
        0.9726027397260274,
        0.010309278350515464,
        0.0273972602739726,
        1,
        0.9726027397260274,
        1
      ],
      "minPos": {
        "x": -34.5,
        "y": -48,
        "z": 0
      },
      "maxPos": {
        "x": 34.5,
        "y": 48,
        "z": 0
      }
    },
    "texture": "802219b3-d5cd-442d-9eb0-6b67e37d4953@6c48a",
    "packable": true,
    "pixelsToUnit": 100,
    "pivot": {
      "x": 0.5,
      "y": 0.5
    },
    "meshType": 0
  }
}