{
  "__type__": "cc.SpriteFrame",
  "content": {
    "name": "hero-down3",
    "atlas": "",
    "rect": {
      "x": 1,
      "y": 2,
      "width": 99,
      "height": 124
    },
    "offset": {
      "x": 0,
      "y": 0
    },
    "originalSize": {
      "width": 101,
      "height": 128
    },
    "rotated": false,
    "capInsets": [
      0,
      0,
      0,
      0
    ],
    "vertices": {
      "rawPosition": [
        -49.5,
        -62,
        0,
        49.5,
        -62,
        0,
        -49.5,
        62,
        0,
        49.5,
        62,
        0
      ],
      "indexes": [
        0,
        1,
        2,
        2,
        1,
        3
      ],
      "uv": [
        1,
        126,
        100,
        126,
        1,
        2,
        100,
        2
      ],
      "nuv": [
        0.009900990099009901,
        0.015625,
        0.9900990099009901,
        0.015625,
        0.009900990099009901,
        0.984375,
        0.9900990099009901,
        0.984375
      ],
      "minPos": {
        "x": -49.5,
        "y": -62,
        "z": 0
      },
      "maxPos": {
        "x": 49.5,
        "y": 62,
        "z": 0
      }
    },
    "texture": "d787310f-7c41-471e-8f04-fa4aae821b45@6c48a",
    "packable": true,
    "pixelsToUnit": 100,
    "pivot": {
      "x": 0.5,
      "y": 0.5
    },
    "meshType": 0
  }
}