{
  "__type__": "cc.SpriteFrame",
  "content": {
    "name": "enemy0-down3",
    "atlas": "",
    "rect": {
      "x": 0,
      "y": 2,
      "width": 60,
      "height": 51
    },
    "offset": {
      "x": -0.5,
      "y": 1
    },
    "originalSize": {
      "width": 61,
      "height": 57
    },
    "rotated": false,
    "capInsets": [
      0,
      0,
      0,
      0
    ],
    "vertices": {
      "rawPosition": [
        -30,
        -25.5,
        0,
        30,
        -25.5,
        0,
        -30,
        25.5,
        0,
        30,
        25.5,
        0
      ],
      "indexes": [
        0,
        1,
        2,
        2,
        1,
        3
      ],
      "uv": [
        0,
        55,
        60,
        55,
        0,
        4,
        60,
        4
      ],
      "nuv": [
        0,
        0.07017543859649122,
        0.9836065573770492,
        0.07017543859649122,
        0,
        0.9649122807017544,
        0.9836065573770492,
        0.9649122807017544
      ],
      "minPos": {
        "x": -30,
        "y": -25.5,
        "z": 0
      },
      "maxPos": {
        "x": 30,
        "y": 25.5,
        "z": 0
      }
    },
    "texture": "aa74593d-19fb-4c12-a9c7-6c48f707d3ff@6c48a",
    "packable": true,
    "pixelsToUnit": 100,
    "pivot": {
      "x": 0.5,
      "y": 0.5
    },
    "meshType": 0
  }
}