{
  "__type__": "cc.SpriteFrame",
  "content": {
    "name": "enemy1-down2",
    "atlas": "",
    "rect": {
      "x": 1,
      "y": 4,
      "width": 70,
      "height": 93
    },
    "offset": {
      "x": -0.5,
      "y": -2
    },
    "originalSize": {
      "width": 73,
      "height": 97
    },
    "rotated": false,
    "capInsets": [
      0,
      0,
      0,
      0
    ],
    "vertices": {
      "rawPosition": [
        -35,
        -46.5,
        0,
        35,
        -46.5,
        0,
        -35,
        46.5,
        0,
        35,
        46.5,
        0
      ],
      "indexes": [
        0,
        1,
        2,
        2,
        1,
        3
      ],
      "uv": [
        1,
        93,
        71,
        93,
        1,
        0,
        71,
        0
      ],
      "nuv": [
        0.0136986301369863,
        0,
        0.9726027397260274,
        0,
        0.0136986301369863,
        0.9587628865979382,
        0.9726027397260274,
        0.9587628865979382
      ],
      "minPos": {
        "x": -35,
        "y": -46.5,
        "z": 0
      },
      "maxPos": {
        "x": 35,
        "y": 46.5,
        "z": 0
      }
    },
    "texture": "77a7d15e-0ebe-461b-94bc-9a533d784112@6c48a",
    "packable": true,
    "pixelsToUnit": 100,
    "pivot": {
      "x": 0.5,
      "y": 0.5
    },
    "meshType": 0
  }
}