{
  "__type__": "cc.SpriteFrame",
  "content": {
    "name": "enemy1-hit",
    "atlas": "",
    "rect": {
      "x": 0,
      "y": 2,
      "width": 72,
      "height": 95
    },
    "offset": {
      "x": -0.5,
      "y": -1
    },
    "originalSize": {
      "width": 73,
      "height": 97
    },
    "rotated": false,
    "capInsets": [
      0,
      0,
      0,
      0
    ],
    "vertices": {
      "rawPosition": [
        -36,
        -47.5,
        0,
        36,
        -47.5,
        0,
        -36,
        47.5,
        0,
        36,
        47.5,
        0
      ],
      "indexes": [
        0,
        1,
        2,
        2,
        1,
        3
      ],
      "uv": [
        0,
        95,
        72,
        95,
        0,
        0,
        72,
        0
      ],
      "nuv": [
        0,
        0,
        0.9863013698630136,
        0,
        0,
        0.979381443298969,
        0.9863013698630136,
        0.979381443298969
      ],
      "minPos": {
        "x": -36,
        "y": -47.5,
        "z": 0
      },
      "maxPos": {
        "x": 36,
        "y": 47.5,
        "z": 0
      }
    },
    "texture": "336028b5-3072-4b57-af4d-0ca50fe8afd6@6c48a",
    "packable": true,
    "pixelsToUnit": 100,
    "pivot": {
      "x": 0.5,
      "y": 0.5
    },
    "meshType": 0
  }
}