{
  "__type__": "cc.SpriteFrame",
  "content": {
    "name": "enemy1-down3",
    "atlas": "",
    "rect": {
      "x": 1,
      "y": 3,
      "width": 70,
      "height": 94
    },
    "offset": {
      "x": -0.5,
      "y": -1.5
    },
    "originalSize": {
      "width": 73,
      "height": 97
    },
    "rotated": false,
    "capInsets": [
      0,
      0,
      0,
      0
    ],
    "vertices": {
      "rawPosition": [
        -35,
        -47,
        0,
        35,
        -47,
        0,
        -35,
        47,
        0,
        35,
        47,
        0
      ],
      "indexes": [
        0,
        1,
        2,
        2,
        1,
        3
      ],
      "uv": [
        1,
        94,
        71,
        94,
        1,
        0,
        71,
        0
      ],
      "nuv": [
        0.0136986301369863,
        0,
        0.9726027397260274,
        0,
        0.0136986301369863,
        0.9690721649484536,
        0.9726027397260274,
        0.9690721649484536
      ],
      "minPos": {
        "x": -35,
        "y": -47,
        "z": 0
      },
      "maxPos": {
        "x": 35,
        "y": 47,
        "z": 0
      }
    },
    "texture": "1ee9a15d-d8dc-486e-9eab-b1b73a49745a@6c48a",
    "packable": true,
    "pixelsToUnit": 100,
    "pivot": {
      "x": 0.5,
      "y": 0.5
    },
    "meshType": 0
  }
}