{
  "__type__": "cc.SpriteFrame",
  "content": {
    "name": "enemy2-down1",
    "atlas": "",
    "rect": {
      "x": 1,
      "y": 0,
      "width": 163,
      "height": 261
    },
    "offset": {
      "x": 0.5,
      "y": 2
    },
    "originalSize": {
      "width": 164,
      "height": 265
    },
    "rotated": false,
    "capInsets": [
      0,
      0,
      0,
      0
    ],
    "vertices": {
      "rawPosition": [
        -81.5,
        -130.5,
        0,
        81.5,
        -130.5,
        0,
        -81.5,
        130.5,
        0,
        81.5,
        130.5,
        0
      ],
      "indexes": [
        0,
        1,
        2,
        2,
        1,
        3
      ],
      "uv": [
        1,
        265,
        164,
        265,
        1,
        4,
        164,
        4
      ],
      "nuv": [
        0.006097560975609756,
        0.01509433962264151,
        1,
        0.01509433962264151,
        0.006097560975609756,
        1,
        1,
        1
      ],
      "minPos": {
        "x": -81.5,
        "y": -130.5,
        "z": 0
      },
      "maxPos": {
        "x": 81.5,
        "y": 130.5,
        "z": 0
      }
    },
    "texture": "5d7ff956-e24f-43e9-9547-4ec78e8e955c@6c48a",
    "packable": true,
    "pixelsToUnit": 100,
    "pivot": {
      "x": 0.5,
      "y": 0.5
    },
    "meshType": 0
  }
}