{
  "__type__": "cc.SpriteFrame",
  "content": {
    "name": "hero-1",
    "atlas": "",
    "rect": {
      "x": 1,
      "y": 2,
      "width": 99,
      "height": 118
    },
    "offset": {
      "x": 0.5,
      "y": -1
    },
    "originalSize": {
      "width": 100,
      "height": 120
    },
    "rotated": false,
    "capInsets": [
      0,
      0,
      0,
      0
    ],
    "vertices": {
      "rawPosition": [
        -49.5,
        -59,
        0,
        49.5,
        -59,
        0,
        -49.5,
        59,
        0,
        49.5,
        59,
        0
      ],
      "indexes": [
        0,
        1,
        2,
        2,
        1,
        3
      ],
      "uv": [
        1,
        118,
        100,
        118,
        1,
        0,
        100,
        0
      ],
      "nuv": [
        0.01,
        0,
        1,
        0,
        0.01,
        0.9833333333333333,
        1,
        0.9833333333333333
      ],
      "minPos": {
        "x": -49.5,
        "y": -59,
        "z": 0
      },
      "maxPos": {
        "x": 49.5,
        "y": 59,
        "z": 0
      }
    },
    "texture": "1ce6f292-e571-4723-983c-cb3895651c76@6c48a",
    "packable": true,
    "pixelsToUnit": 100,
    "pivot": {
      "x": 0.5,
      "y": 0.5
    },
    "meshType": 0
  }
}