{
  "__type__": "cc.SpriteFrame",
  "content": {
    "name": "logo",
    "atlas": "",
    "rect": {
      "x": 3,
      "y": 2,
      "width": 428,
      "height": 84
    },
    "offset": {
      "x": 1,
      "y": -1
    },
    "originalSize": {
      "width": 432,
      "height": 86
    },
    "rotated": false,
    "capInsets": [
      0,
      0,
      0,
      0
    ],
    "vertices": {
      "rawPosition": [
        -214,
        -42,
        0,
        214,
        -42,
        0,
        -214,
        42,
        0,
        214,
        42,
        0
      ],
      "indexes": [
        0,
        1,
        2,
        2,
        1,
        3
      ],
      "uv": [
        3,
        84,
        431,
        84,
        3,
        0,
        431,
        0
      ],
      "nuv": [
        0.006944444444444444,
        0,
        0.9976851851851852,
        0,
        0.006944444444444444,
        0.9767441860465116,
        0.9976851851851852,
        0.9767441860465116
      ],
      "minPos": {
        "x": -214,
        "y": -42,
        "z": 0
      },
      "maxPos": {
        "x": 214,
        "y": 42,
        "z": 0
      }
    },
    "texture": "8fafc987-15fa-4856-9967-b8c52b7fcffb@6c48a",
    "packable": true,
    "pixelsToUnit": 100,
    "pivot": {
      "x": 0.5,
      "y": 0.5
    },
    "meshType": 0
  }
}