{
  "__type__": "cc.SpriteFrame",
  "content": {
    "name": "hero-down1",
    "atlas": "",
    "rect": {
      "x": 0,
      "y": 0,
      "width": 99,
      "height": 127
    },
    "offset": {
      "x": -1,
      "y": 0.5
    },
    "originalSize": {
      "width": 101,
      "height": 128
    },
    "rotated": false,
    "capInsets": [
      0,
      0,
      0,
      0
    ],
    "vertices": {
      "rawPosition": [
        -49.5,
        -63.5,
        0,
        49.5,
        -63.5,
        0,
        -49.5,
        63.5,
        0,
        49.5,
        63.5,
        0
      ],
      "indexes": [
        0,
        1,
        2,
        2,
        1,
        3
      ],
      "uv": [
        0,
        128,
        99,
        128,
        0,
        1,
        99,
        1
      ],
      "nuv": [
        0,
        0.0078125,
        0.9801980198019802,
        0.0078125,
        0,
        1,
        0.9801980198019802,
        1
      ],
      "minPos": {
        "x": -49.5,
        "y": -63.5,
        "z": 0
      },
      "maxPos": {
        "x": 49.5,
        "y": 63.5,
        "z": 0
      }
    },
    "texture": "e96e917d-439f-4ff2-aef6-3f092c60332e@6c48a",
    "packable": true,
    "pixelsToUnit": 100,
    "pivot": {
      "x": 0.5,
      "y": 0.5
    },
    "meshType": 0
  }
}