{
  "__type__": "cc.SpriteFrame",
  "content": {
    "name": "hero-down2",
    "atlas": "",
    "rect": {
      "x": 0,
      "y": 2,
      "width": 99,
      "height": 124
    },
    "offset": {
      "x": -1,
      "y": 0
    },
    "originalSize": {
      "width": 101,
      "height": 128
    },
    "rotated": false,
    "capInsets": [
      0,
      0,
      0,
      0
    ],
    "vertices": {
      "rawPosition": [
        -49.5,
        -62,
        0,
        49.5,
        -62,
        0,
        -49.5,
        62,
        0,
        49.5,
        62,
        0
      ],
      "indexes": [
        0,
        1,
        2,
        2,
        1,
        3
      ],
      "uv": [
        0,
        126,
        99,
        126,
        0,
        2,
        99,
        2
      ],
      "nuv": [
        0,
        0.015625,
        0.9801980198019802,
        0.015625,
        0,
        0.984375,
        0.9801980198019802,
        0.984375
      ],
      "minPos": {
        "x": -49.5,
        "y": -62,
        "z": 0
      },
      "maxPos": {
        "x": 49.5,
        "y": 62,
        "z": 0
      }
    },
    "texture": "05d9201d-e597-4060-addf-d3c1dd51f59c@6c48a",
    "packable": true,
    "pixelsToUnit": 100,
    "pivot": {
      "x": 0.5,
      "y": 0.5
    },
    "meshType": 0
  }
}