{
  "__type__": "cc.SpriteFrame",
  "content": {
    "name": "enemy2",
    "atlas": "",
    "rect": {
      "x": 1,
      "y": 0,
      "width": 163,
      "height": 250
    },
    "offset": {
      "x": 0.5,
      "y": 0.5
    },
    "originalSize": {
      "width": 164,
      "height": 251
    },
    "rotated": false,
    "capInsets": [
      0,
      0,
      0,
      0
    ],
    "vertices": {
      "rawPosition": [
        -81.5,
        -125,
        0,
        81.5,
        -125,
        0,
        -81.5,
        125,
        0,
        81.5,
        125,
        0
      ],
      "indexes": [
        0,
        1,
        2,
        2,
        1,
        3
      ],
      "uv": [
        1,
        251,
        164,
        251,
        1,
        1,
        164,
        1
      ],
      "nuv": [
        0.006097560975609756,
        0.00398406374501992,
        1,
        0.00398406374501992,
        0.006097560975609756,
        1,
        1,
        1
      ],
      "minPos": {
        "x": -81.5,
        "y": -125,
        "z": 0
      },
      "maxPos": {
        "x": 81.5,
        "y": 125,
        "z": 0
      }
    },
    "texture": "685e3825-0af5-49d5-a9e2-a307513aa56a@6c48a",
    "packable": true,
    "pixelsToUnit": 100,
    "pivot": {
      "x": 0.5,
      "y": 0.5
    },
    "meshType": 0
  }
}