{
  "__type__": "cc.SpriteFrame",
  "content": {
    "name": "enemy2-down6",
    "atlas": "",
    "rect": {
      "x": 0,
      "y": 4,
      "width": 148,
      "height": 202
    },
    "offset": {
      "x": -8,
      "y": -1
    },
    "originalSize": {
      "width": 164,
      "height": 208
    },
    "rotated": false,
    "capInsets": [
      0,
      0,
      0,
      0
    ],
    "vertices": {
      "rawPosition": [
        -74,
        -101,
        0,
        74,
        -101,
        0,
        -74,
        101,
        0,
        74,
        101,
        0
      ],
      "indexes": [
        0,
        1,
        2,
        2,
        1,
        3
      ],
      "uv": [
        0,
        204,
        148,
        204,
        0,
        2,
        148,
        2
      ],
      "nuv": [
        0,
        0.009615384615384616,
        0.9024390243902439,
        0.009615384615384616,
        0,
        0.9807692307692307,
        0.9024390243902439,
        0.9807692307692307
      ],
      "minPos": {
        "x": -74,
        "y": -101,
        "z": 0
      },
      "maxPos": {
        "x": 74,
        "y": 101,
        "z": 0
      }
    },
    "texture": "7a0c4aa7-11cf-4f92-9070-7f537661ac03@6c48a",
    "packable": true,
    "pixelsToUnit": 100,
    "pivot": {
      "x": 0.5,
      "y": 0.5
    },
    "meshType": 0
  }
}