{
  "__type__": "cc.SpriteFrame",
  "content": {
    "name": "loading-3",
    "atlas": "",
    "rect": {
      "x": 1,
      "y": 1,
      "width": 176,
      "height": 40
    },
    "offset": {
      "x": 0,
      "y": -0.5
    },
    "originalSize": {
      "width": 178,
      "height": 41
    },
    "rotated": false,
    "capInsets": [
      0,
      0,
      0,
      0
    ],
    "vertices": {
      "rawPosition": [
        -88,
        -20,
        0,
        88,
        -20,
        0,
        -88,
        20,
        0,
        88,
        20,
        0
      ],
      "indexes": [
        0,
        1,
        2,
        2,
        1,
        3
      ],
      "uv": [
        1,
        40,
        177,
        40,
        1,
        0,
        177,
        0
      ],
      "nuv": [
        0.0056179775280898875,
        0,
        0.9943820224719101,
        0,
        0.0056179775280898875,
        0.975609756097561,
        0.9943820224719101,
        0.975609756097561
      ],
      "minPos": {
        "x": -88,
        "y": -20,
        "z": 0
      },
      "maxPos": {
        "x": 88,
        "y": 20,
        "z": 0
      }
    },
    "texture": "f05972ec-0f69-4c89-a390-06f61dc70cbc@6c48a",
    "packable": true,
    "pixelsToUnit": 100,
    "pivot": {
      "x": 0.5,
      "y": 0.5
    },
    "meshType": 0
  }
}