{
  "__type__": "cc.SpriteFrame",
  "content": {
    "name": "bomm",
    "atlas": "",
    "rect": {
      "x": 1,
      "y": 1,
      "width": 143,
      "height": 202
    },
    "offset": {
      "x": 0.5,
      "y": -0.5
    },
    "originalSize": {
      "width": 144,
      "height": 203
    },
    "rotated": false,
    "capInsets": [
      0,
      0,
      0,
      0
    ],
    "vertices": {
      "rawPosition": [
        -71.5,
        -101,
        0,
        71.5,
        -101,
        0,
        -71.5,
        101,
        0,
        71.5,
        101,
        0
      ],
      "indexes": [
        0,
        1,
        2,
        2,
        1,
        3
      ],
      "uv": [
        1,
        202,
        144,
        202,
        1,
        0,
        144,
        0
      ],
      "nuv": [
        0.006944444444444444,
        0,
        1,
        0,
        0.006944444444444444,
        0.9950738916256158,
        1,
        0.9950738916256158
      ],
      "minPos": {
        "x": -71.5,
        "y": -101,
        "z": 0
      },
      "maxPos": {
        "x": 71.5,
        "y": 101,
        "z": 0
      }
    },
    "texture": "62e3210f-4af9-4c19-94bb-2cd4b5c94648@6c48a",
    "packable": true,
    "pixelsToUnit": 100,
    "pivot": {
      "x": 0.5,
      "y": 0.5
    },
    "meshType": 0
  }
}