{
  "__type__": "cc.SpriteFrame",
  "content": {
    "name": "enemy2-down5",
    "atlas": "",
    "rect": {
      "x": 2,
      "y": 2,
      "width": 162,
      "height": 256
    },
    "offset": {
      "x": 1,
      "y": 2.5
    },
    "originalSize": {
      "width": 164,
      "height": 265
    },
    "rotated": false,
    "capInsets": [
      0,
      0,
      0,
      0
    ],
    "vertices": {
      "rawPosition": [
        -81,
        -128,
        0,
        81,
        -128,
        0,
        -81,
        128,
        0,
        81,
        128,
        0
      ],
      "indexes": [
        0,
        1,
        2,
        2,
        1,
        3
      ],
      "uv": [
        2,
        263,
        164,
        263,
        2,
        7,
        164,
        7
      ],
      "nuv": [
        0.012195121951219513,
        0.026415094339622643,
        1,
        0.026415094339622643,
        0.012195121951219513,
        0.9924528301886792,
        1,
        0.9924528301886792
      ],
      "minPos": {
        "x": -81,
        "y": -128,
        "z": 0
      },
      "maxPos": {
        "x": 81,
        "y": 128,
        "z": 0
      }
    },
    "texture": "607c6eea-ad9b-42d7-858a-b71c266c3b6d@6c48a",
    "packable": true,
    "pixelsToUnit": 100,
    "pivot": {
      "x": 0.5,
      "y": 0.5
    },
    "meshType": 0
  }
}