{
  "gizmos-infos": {
    "is2D": true,
    "is3DIcon": false,
    "iconSize": 2,
    "gridVisible": true,
    "gridColor": [
      166,
      166,
      166,
      255
    ],
    "transformToolName": "position",
    "pivot": "pivot",
    "coordinate": "local",
    "toolsVisibility3d": true
  },
  "__version__": "1.0.1",
  "builder": {},
  "snap-configs": {
    "position": {
      "x": 1,
      "y": 1,
      "z": 1
    },
    "rotation": 1,
    "scale": 1,
    "isPositionSnapEnabled": false,
    "isRotationSnapEnabled": false,
    "isScaleSnapEnabled": false
  },
  "rect-snap-configs": {
    "enableSnapping": true,
    "snapThreshold": 4
  },
  "camera-infos": {
    "5cd6f43a-24c9-42ca-88fa-201a40c7cec4": {
      "position": {
        "x": 300,
        "y": 150,
        "z": 5000
      },
      "rotation": {
        "x": 0,
        "y": 0,
        "z": 0,
        "w": 1
      },
      "viewCenter": {
        "x": 0,
        "y": 0,
        "z": 0
      },
      "contentRect": {
        "x": 0,
        "y": 0,
        "width": 420,
        "height": 210
      },
      "scale": 0.7
    },
    "8513fedd-44ba-4ca2-94c7-fc126f1a4b08": {
      "position": {
        "x": 240,
        "y": 425.0000000000001,
        "z": 5000
      },
      "rotation": {
        "x": 0,
        "y": 0,
        "z": 0,
        "w": 1
      },
      "viewCenter": {
        "x": 0,
        "y": 0,
        "z": 0
      },
      "contentRect": {
        "x": 0.5633802816901464,
        "y": 5.392511833893617e-14,
        "width": 505.97647058823526,
        "height": 896.0000000000001
      },
      "scale": 1.0541176470588236
    },
    "0be40d54-9310-491e-b82d-7ffbdeeb4091": {
      "position": {
        "x": 240,
        "y": 425.0000000000001,
        "z": 5000
      },
      "rotation": {
        "x": 0,
        "y": 0,
        "z": 0,
        "w": 1
      },
      "viewCenter": {
        "x": 0,
        "y": 0,
        "z": 0
      },
      "contentRect": {
        "x": -284.60937499999994,
        "y": 1.0785023667787234e-13,
        "width": 505.97647058823526,
        "height": 896.0000000000001
      },
      "scale": 1.0541176470588236
    },
    "f262dc94-4315-4538-b01d-561c0900ab99": {
      "position": {
        "x": 1180.0533333333333,
        "y": 855.08,
        "z": 5000
      },
      "rotation": {
        "x": 0,
        "y": 0,
        "z": 0,
        "w": 1
      },
      "viewCenter": {
        "x": 0,
        "y": 0,
        "z": 0
      },
      "contentRect": {
        "x": 935.2941176470589,
        "y": 0,
        "width": 2100,
        "height": 1400
      },
      "scale": 0.7
    },
    "7b21f5f3-274f-4288-aba9-7723f8fec718": {
      "position": {
        "x": 649.92,
        "y": 586.28,
        "z": 5000
      },
      "rotation": {
        "x": 0,
        "y": 0,
        "z": 0,
        "w": 1
      },
      "viewCenter": {
        "x": 0,
        "y": 0,
        "z": 0
      },
      "contentRect": {
        "x": 428.5882352941177,
        "y": -8.12048840868686e-14,
        "width": 1106,
        "height": 896
      },
      "scale": 0.7
    },
    "0d903c08-79e5-460c-b1db-0f1319b13536": {
      "position": {
        "x": 655.41,
        "y": 588.44,
        "z": 5000
      },
      "rotation": {
        "x": 0,
        "y": 0,
        "z": 0,
        "w": 1
      },
      "viewCenter": {
        "x": 0,
        "y": 0,
        "z": 0
      },
      "contentRect": {
        "x": 428.5882352941177,
        "y": -8.12048840868686e-14,
        "width": 1106,
        "height": 896
      },
      "scale": 0.7
    },
    "c503dee2-a7d5-456c-805e-d8bd8ee97517": {
      "position": {
        "x": 239.22833333333335,
        "y": 425.7716666666667,
        "z": 5000
      },
      "rotation": {
        "x": 0,
        "y": 0,
        "z": 0,
        "w": 1
      },
      "viewCenter": {
        "x": 0,
        "y": 0,
        "z": 0
      },
      "contentRect": {
        "x": 0,
        "y": 0,
        "width": 336,
        "height": 595
      },
      "scale": 0.7
    },
    "e3678190-0a61-46f4-ab25-ba2de42ecbd5": {
      "position": {
        "x": 239.25333333333333,
        "y": 425.74666666666667,
        "z": 5000
      },
      "rotation": {
        "x": 0,
        "y": 0,
        "z": 0,
        "w": 1
      },
      "viewCenter": {
        "x": 0,
        "y": 0,
        "z": 0
      },
      "contentRect": {
        "x": 0,
        "y": 0,
        "width": 336,
        "height": 595
      },
      "scale": 0.7
    },
    "adc18623-681b-4627-bdcc-08db712ba969": {
      "position": {
        "x": 239.23833333333334,
        "y": 425.7616666666667,
        "z": 5000
      },
      "rotation": {
        "x": 0,
        "y": 0,
        "z": 0,
        "w": 1
      },
      "viewCenter": {
        "x": 0,
        "y": 0,
        "z": 0
      },
      "contentRect": {
        "x": 0,
        "y": 0,
        "width": 336,
        "height": 595
      },
      "scale": 0.7
    },
    "35f80e3b-3395-434d-baf6-8e68ac8ca0f0": {
      "position": {
        "x": 239.25333333333333,
        "y": 425.74666666666667,
        "z": 5000
      },
      "rotation": {
        "x": 0,
        "y": 0,
        "z": 0,
        "w": 1
      },
      "viewCenter": {
        "x": 0,
        "y": 0,
        "z": 0
      },
      "contentRect": {
        "x": 0,
        "y": 0,
        "width": 336,
        "height": 595
      },
      "scale": 0.7
    },
    "da9fa319-bf6d-4491-be21-160ec35e9970": {
      "position": {
        "x": 239.25333333333333,
        "y": 425.74666666666667,
        "z": 5000
      },
      "rotation": {
        "x": 0,
        "y": 0,
        "z": 0,
        "w": 1
      },
      "viewCenter": {
        "x": 0,
        "y": 0,
        "z": 0
      },
      "contentRect": {
        "x": 0,
        "y": 0,
        "width": 336,
        "height": 595
      },
      "scale": 0.7
    },
    "698c8c70-bf37-4d2f-a79b-3f7c549034f3": {
      "position": {
        "x": 239.25333333333333,
        "y": 425.74666666666667,
        "z": 5000
      },
      "rotation": {
        "x": 0,
        "y": 0,
        "z": 0,
        "w": 1
      },
      "viewCenter": {
        "x": 0,
        "y": 0,
        "z": 0
      },
      "contentRect": {
        "x": 0,
        "y": 0,
        "width": 336,
        "height": 595
      },
      "scale": 0.7
    },
    "9defbe74-37c9-449b-ad59-5e0ae092fe85": {
      "position": {
        "x": 655.41,
        "y": 566.4966666666667,
        "z": 5000
      },
      "rotation": {
        "x": 0,
        "y": 0,
        "z": 0,
        "w": 1
      },
      "viewCenter": {
        "x": 0,
        "y": 0,
        "z": 0
      },
      "contentRect": {
        "x": 444.964705882353,
        "y": -8.12048840868686e-14,
        "width": 1106,
        "height": 855.4
      },
      "scale": 0.7
    },
    "0a506f0f-3369-4b87-b4b5-44f3ccc4829c": {
      "position": {
        "x": 790,
        "y": 640,
        "z": 5000
      },
      "rotation": {
        "x": 0,
        "y": 0,
        "z": 0,
        "w": 1
      },
      "viewCenter": {
        "x": 0,
        "y": 0,
        "z": 0
      },
      "contentRect": {
        "x": 0,
        "y": 0,
        "width": 1106,
        "height": 896
      },
      "scale": 0.7
    },
    "2eadcacf-4e55-4dfb-84cb-d79975c78cdc": {
      "position": {
        "x": 239.24833333333333,
        "y": 425.7516666666667,
        "z": 5000
      },
      "rotation": {
        "x": 0,
        "y": 0,
        "z": 0,
        "w": 1
      },
      "viewCenter": {
        "x": 0,
        "y": 0,
        "z": 0
      },
      "contentRect": {
        "x": 0,
        "y": 0,
        "width": 336,
        "height": 595
      },
      "scale": 0.7
    },
    "52161af6-6e2c-48c3-8eaf-6f870a4f2d02": {
      "position": {
        "x": 239.24333333333334,
        "y": 425.7566666666667,
        "z": 5000
      },
      "rotation": {
        "x": 0,
        "y": 0,
        "z": 0,
        "w": 1
      },